variance,skewness,curtosis,entropy,class
-0.21087847616517907,-0.7148561033213175,0.6658536676090484,-0.033910369595343264,1.0
-0.5083360972943821,0.7327993543061697,0.011796247097228693,-0.45217293933891983,1.0
0.6947885016177362,0.703646519841428,0.04841891183494639,0.140734225089521,-1.0
0.49978825733028553,0.8622100132106055,-0.04291963918102054,-0.07045207964776314,-1.0
0.14755690119280346,0.9466090957700566,0.2852093073807127,-0.02852773561268817,-1.0
0.5706219154889188,0.7780463887173462,-0.2583166865078148,-0.04803057400527807,-1.0
-0.08787925954647421,-0.6003592338119446,0.7020788670288972,0.37273487976002245,1.0
-0.5677686479340093,0.733631263054834,0.01780012916553411,-0.3729706257782857,1.0
0.39366416438834,0.8515393067056815,0.3350680477580629,-0.08739987519005789,-1.0
-0.7926458193076826,-0.07193030132714391,0.47020290987475355,0.3813762714568818,1.0
-0.5937142591354496,0.7295742396608137,-0.08196415638079824,-0.329403528201162,1.0
-0.0806541869077601,0.8783513383517642,0.10380100114036504,-0.4595858795830989,-1.0
-0.09059831349990392,0.8682722851289373,0.169476234080317,-0.45735433806830805,-1.0
0.3021399606297469,0.8980218033878453,-0.05001747634730203,-0.3158584127271967,-1.0
-0.7408426203593032,0.5035866467533424,0.1093032005688395,-0.4308195810502279,1.0
0.5568113573005099,-0.548738616551843,0.5927380215514702,0.19367157998318196,-1.0
0.7655971422476573,0.5912694650467318,-0.21705980977385414,0.13094454729583085,-1.0
0.34222758491074173,0.3845519782303511,-0.8565743693212282,0.03578276103411878,1.0
0.8297983077930973,0.5275112005147243,0.11793064946104913,0.1387770284770561,-1.0
-0.2317214802005823,-0.5614372058719264,0.7186384269320805,0.3386033532216717,1.0
-0.00969853414857265,0.9690715902584282,0.1718450468243667,-0.17684872425692333,-1.0
0.15495957291432091,0.49873499845380187,-0.8486778408003641,-0.08364720326424167,1.0
0.862800834938163,0.442329768719585,0.1849223059815767,0.16038340214917401,-1.0
0.20702485358271042,-0.5930589796607748,0.7773866923694168,-0.03304068960714492,-1.0
0.8462879652405415,0.3406740719156083,0.24137477230157398,0.3308716910069917,-1.0
-0.400648566530425,-0.41552738513283183,0.8123584629787277,-0.08301473344308166,1.0
0.7573970646560834,-0.4021611143800784,0.43873782636491726,0.2685614347733306,-1.0
0.31111054724944753,0.8368544938397457,-0.2944027000569536,-0.34089856809547864,-1.0
-0.19151716006129912,-0.789073271846817,0.5725823989820885,-0.11328700470455656,1.0
-0.7387814921779805,0.6401718774114983,0.07396064854690781,-0.19726047919751907,1.0
-0.06723164284850149,0.5626481845005874,-0.6435546237252358,-0.5145331602141447,1.0
0.36831070183191694,0.32844708430637093,-0.8557389895483879,0.15550087296677376,1.0
0.3855777834409303,0.8110644819182089,-0.320168645693373,-0.3016557929203379,-1.0
0.18635113481554372,0.8905431860255029,-0.09923396174815804,-0.40293759965070364,-1.0
0.3714421253024338,0.536024015308782,0.7568758134935708,0.04298843462499052,-1.0
-0.5130476297115687,0.6065780095608732,-0.17305155955101828,-0.582149813794929,1.0
0.45337372891211475,0.8507146295327948,-0.23188148178474458,-0.13026073635794957,-1.0
0.38601946546908067,-0.016777572281165793,0.840299295582098,-0.3802690878727134,-1.0
0.18505272197962386,0.9608924917369169,-0.13883621927381004,-0.15220254146795817,-1.0
-0.3598682369122056,-0.42186017937838366,0.8223023573873902,0.12785802341534624,1.0
-0.9738075652286534,-0.03525811228110668,0.2235255207515428,0.0221818167553126,1.0
0.8377929826347847,0.17962085907705408,0.46356541792985256,0.22571302251277695,-1.0
-0.3332319695135523,0.6098365002651608,-0.3205966414720438,-0.6436409642924427,1.0
-0.16655457578252994,-0.6745460319192462,0.7069954578906702,0.13192667141204795,1.0
-0.2206725369617864,-0.5345186587876811,-0.34784032295011985,0.7379705580635475,1.0
0.06196128470840724,0.9314163540351633,-0.11527215468381467,-0.339612580726447,-1.0
0.7637801848988448,-0.5212315731553601,0.3801515343461865,0.021030626146529237,-1.0
0.05089597026074511,-0.688796253662429,0.7068231981715507,-0.15287343679776663,-1.0
0.2482927500415116,0.6175556593164057,-0.6944354915822072,-0.2733771496560771,1.0
-0.005340973055595995,0.5761119628830321,-0.8166469149977973,0.033974938623342284,1.0
-0.1464820741574295,-0.7760679296337413,0.6065676235364942,0.09130875435480125,1.0
0.18626852392566073,0.8586499111858421,-0.28410458472893824,-0.3838084834277359,-1.0
0.40018637174840144,0.8842328030097913,0.010028093699563381,-0.2405881445230633,-1.0
-0.23697267106113826,-0.7835289156959179,0.5722303592745918,-0.049787622588354244,1.0
0.044858722989418384,0.9252366130614883,-0.09927179019868869,-0.36341438674467996,-1.0
-0.45977632710794436,-0.45561066828752295,0.7622163817842567,-0.007129888739778476,1.0
0.6715461241619579,0.6842783579801858,-0.2827729385417845,-0.0287818892958225,-1.0
0.31113059672011684,-0.03128021945762949,0.9216372562993538,0.2297913563567301,-1.0
-0.616875699580981,-0.1779333054999254,0.7297389541336908,0.23512798404318552,1.0
0.5241124298757966,0.8146938169716609,-0.24580933134817787,-0.0340281950740256,-1.0
-0.47960883901926415,0.3610538961594667,-0.7710092639013618,-0.21250920116772093,1.0
-0.5568579325339837,0.1075870323655892,0.3248835159732556,0.7568255905356255,1.0
-0.47055493661198367,0.6540160810876524,0.06164725493782116,-0.5891015475004907,1.0
-0.17516353028676693,-0.6278458459939288,0.7574398794254303,-0.03757872245878341,1.0
0.5723718349933189,-0.6704357360566755,0.46711109522299443,-0.06865588863381775,-1.0
-0.41376745485708477,0.3987047047496999,-0.8128733706422,-0.09522570562790991,1.0
0.45547369770227747,0.86048137228385,-0.22773684885113873,-0.015857059288219587,-1.0
-0.17220430281993282,-0.7326598749278059,0.6510019243983381,0.0987505959006477,1.0
0.6640208917743512,0.671103690915968,-0.32244245406428973,-0.06875285552730825,-1.0
-0.11193948337485753,-0.7883257643727463,0.6033788056235799,0.04411414979524387,1.0
0.2664539104619184,0.841651702730323,-0.35134212994680614,-0.3117425742742586,-1.0
0.5242839375777123,-0.569524212038923,0.6156464643279326,0.1474718809128343,-1.0
0.07136852512097372,0.5217535432845496,-0.641800442518714,-0.5574692508783398,1.0
0.7610874915032851,0.6209057182331035,0.17655645499994876,0.06363754819697241,-1.0
0.530159362517515,0.08204987142341709,0.8427294271153588,-0.04478818603428785,-1.0
0.31801748433084054,-0.5873873254881505,0.7420218916351989,-0.05696070443632287,-1.0
0.3137988706166652,-0.7166214648865372,0.5980811090014124,-0.17401991816806406,-1.0
0.3860212717893059,-0.016805388034556865,0.8403032276366927,-0.38025733692136887,-1.0
0.15078705033697845,0.9535447422144041,-0.023320607005918176,-0.25975342025623993,-1.0
0.7162145841735795,-0.2621456999747396,-0.05873723317453476,0.6441011091752759,1.0
0.3087378330812266,0.15269294213141663,0.9168663981854235,0.20179649086653811,-1.0
0.9021554883993724,0.10342684662963811,0.3670759090868383,0.2016770664086784,-1.0
-0.4713356485772202,0.7363526039206045,-0.022028300497441748,-0.48491473792495826,1.0
0.06631392671470492,0.5419500582126118,-0.5433772843472303,-0.6376783863221748,1.0
-0.8459129324684316,0.4252541020851939,-0.12152791699191863,-0.2980288991590907,1.0
0.05090213843879883,-0.6887960368501292,0.7068229756849121,-0.15287338867781644,-1.0
0.6893271522518131,0.6650672426166775,-0.2871729548898176,-0.006733048826942592,-1.0
-0.19929846784069508,-0.5903696772894524,0.7689524063917966,-0.14302433903977477,1.0
0.19859696310476585,-0.6321366325620055,0.7489372983628423,-0.007446283616633541,-1.0
0.277805146040587,0.8567264854237403,-0.3085611694148806,-0.30599678876775016,-1.0
0.20321559236377054,0.943588338057581,-0.24875162748071905,-0.08041827607992938,-1.0
-0.36047010228295534,-0.9133597602042278,-0.1781754434884594,-0.06394345265531183,1.0
0.312501644282521,0.8177655625838701,-0.3265445103892778,-0.35632974855775684,-1.0
0.09015703387287369,0.5271391131749356,-0.6265448896179667,-0.5669546418347747,1.0
-0.04045666287924722,0.8883336278679949,0.22893046477752707,-0.39600185141525157,-1.0
-0.4529858469097158,0.630024266663664,-0.07102518430634427,-0.6267604559228748,1.0
0.2622757836945299,0.6037132163881607,-0.7097257360998125,-0.2510600429444349,1.0
0.17723170874075148,0.708917474462914,0.6824740617031895,-0.015940229619063283,-1.0
0.2888523268054626,0.598990449192406,-0.6550285640905901,-0.3587650419156942,1.0
0.21637028352135268,0.8731784858108026,-0.27601663982380903,-0.33846424754531623,-1.0
0.7675277250611302,0.5810281147868693,-0.2271368630682615,0.1473647397623071,-1.0
-0.22381897136388484,-0.7848917340476134,0.5777918563278309,-0.0025699499182374294,1.0
-0.03171661076859778,0.9725531656522008,-0.05666751280156958,-0.22343497840338167,-1.0
0.38317884842137684,0.49802830229258477,-0.7772860582423153,-0.031115332236007938,1.0
-0.5334611103678085,-0.21720032014010893,0.801642686358107,0.16003833311034255,1.0
0.3578569094325518,0.8784384766455087,-0.3108136280058301,-0.06065611070580043,-1.0
-0.0790127732044366,-0.7163451187683555,-0.5923654229411891,0.360152548499939,1.0
0.4179608514406243,0.7872532599872996,-0.33511287016850927,-0.30535290329358544,-1.0
0.08148635558358265,0.9527732546716478,-0.2534604970821774,-0.14608516507488692,-1.0
-0.5980023539328365,0.08062087371908577,0.3963582366231705,0.6919491366224315,1.0
0.3246286116586338,0.8335686113940682,-0.33922959868975683,-0.29103765042334206,-1.0
0.08151007707478752,0.5148784210732054,-0.6250225286625869,-0.5810362789986964,1.0
0.6947981031814608,0.5257089541959235,0.48417547267434385,0.08037289937689462,-1.0
0.27573958427811274,0.8866476376755975,-0.35250310235841203,-0.11646978618556238,-1.0
0.056421041143342794,0.9822016277907542,0.15101139655342993,-0.09639598846672336,-1.0
0.48104932116698823,0.8037214216244576,-0.31858609778807606,-0.1453489777153843,-1.0
0.5153560350570846,0.8403547280252028,0.14209266121872705,-0.08956430005146188,-1.0
-0.22051209334829275,-0.6730470113176591,0.7039187043864201,-0.05367117344035214,1.0
-0.6247936826694561,-0.2346475384709554,0.7445976179636652,0.012156237439935033,1.0
0.6443842373864526,0.7560315785956088,0.09827883303068859,0.05938415405003304,-1.0
0.15299425178471632,-0.6248622926231541,0.7640497059387539,-0.048661288859568275,-1.0
0.4480435379987998,-0.5127411189109494,0.7301327340211902,0.05709399045615666,-1.0
-0.15809911007330102,0.873937871969853,0.22459790349081626,-0.40099008601007197,-1.0
-0.15347924776658245,-0.687268609176936,0.6968791660099877,-0.13588748038810622,1.0
-0.09569054267021307,-0.9634631667425786,-0.04170722665724748,0.2466628338814004,1.0
-0.36219789537991104,-0.4403978487775221,0.819208478700644,-0.061317923965756284,1.0
-0.2806339928372463,-0.5968327957876886,0.7501558248373448,0.04797305909652336,1.0
0.13651271434622442,-0.8546301236847521,0.4208594803020785,0.2717515930997935,1.0
0.0673994540145286,0.902880259966015,0.18643635954995935,-0.3814525312538936,-1.0
0.43003809358357115,-0.006302886167153793,0.9012415437090641,-0.05283172896919781,-1.0
0.025129492614924753,0.8438990951875901,-0.3008380444443817,-0.44350794441290836,-1.0
0.6200846786762004,-0.5568306502188246,0.551098592778406,0.04153262916761669,-1.0
-0.3685709782823846,-0.40971624750402624,-0.5065442163748222,0.6630995305053403,1.0
0.4110652164600169,0.8595600244454142,-0.2978599195005527,-0.05883383845375693,-1.0
0.7789225861328464,0.15803599375642505,0.4305838496852595,0.4276701741760343,-1.0
0.10514201889037368,0.9128641242181329,-0.3225070545715156,-0.22718592898928186,-1.0
0.6448716171113451,-0.6479907309261314,0.3978212778739676,-0.07737467898957931,-1.0
0.15299425178471632,-0.6248622926231541,0.7640497059387539,-0.048661288859568275,-1.0
-0.7531673011971327,-0.13563068582655124,0.6435959689379892,0.011294345329319146,1.0
0.6300764146289154,-0.5217862851736793,0.5510559318416332,0.16456045793316298,-1.0
-0.071914696856306,0.9764306383189617,0.06207616506054372,-0.19379895422696847,-1.0
0.9118839214068799,0.25688226804629605,0.0069197889158303825,0.320048950575318,-1.0
-0.21116956920101237,-0.7368488292858357,0.6412151797455754,0.03611521960893639,1.0
0.12230917958236717,0.9608596287844208,-0.16079776106566562,-0.1895608567147296,-1.0
-0.8462005459182019,-0.06626495468666621,0.5222288816435154,-0.08264736562936664,1.0
0.25976298820683186,0.964026751399614,0.0014256357836148965,0.05633453742045552,-1.0
0.378715926550997,0.9172666550573079,-0.1052464567844464,0.06418188086148212,-1.0
0.8836041005100376,-0.014107551854326737,0.4093225021785471,0.22693580535653285,-1.0
0.07112366657026982,0.513541988822417,-0.6351495335255889,-0.5725391862852224,1.0
-0.19363233707268837,-0.7370455613343405,0.6328343220130501,-0.1370805582108522,1.0
0.5655730436777889,-0.6329227318107534,0.5284839642642212,-0.015512812054185131,-1.0
-0.44739916028889326,0.8365442431530599,-0.17335437091928357,-0.26452973878837677,1.0
-0.1842114781597568,-0.6955754368438428,0.6841221907784961,0.11923829526676931,1.0
0.3715335994908374,0.9254370238488715,0.06631119555669926,-0.033644088380672475,-1.0
-0.21071765342652846,-0.6241766140539409,0.7491160196762056,-0.06947527666050632,1.0
-0.464902247174961,0.6607349326655244,-0.25576054422387395,-0.5309254122242257,1.0
0.14415552442260823,0.10776645010772551,0.9811287227005214,-0.07065413294114495,-1.0
-0.186218973127552,0.11706793278789063,0.969916116878485,0.10430876942736374,-1.0
-0.17173743288496596,-0.6991354853186348,0.6829963599435631,-0.12341717716023816,1.0
0.19953565102470133,0.4660330818146149,-0.8610795649482939,-0.03925141338828221,1.0
-0.2135540516496729,0.009978527610327392,0.9742348602690922,-0.07184381008271427,-1.0
-0.06491206705615579,-0.4637640576902607,0.8403974185968055,-0.27283969865286734,-1.0
0.28829285500068225,0.8412933085107732,-0.32793634107535186,-0.318701357092597,-1.0
0.12070317517529738,0.9387810345385355,-0.03403060146140191,-0.3208782181101322,-1.0
0.1610387448590794,0.9552662695756244,-0.1698616454690096,-0.18077582322822744,-1.0
-0.9641797941811833,-0.10329319682148105,0.24309796485324442,0.024315004983357293,1.0
0.07797563249221255,0.9199877972430013,-0.13393529208024715,-0.3600049877387652,-1.0
0.22380042998093677,0.9028962221497014,0.018139229290404575,-0.3665552453981457,-1.0
-0.5820282765446259,0.74999889802077,0.0583229485448701,-0.3087768967121011,1.0
0.6918321516739501,0.6925887874548596,0.1799391156970554,0.09649331605951646,-1.0
0.38179385975792196,0.6538680572049083,0.6527443408764472,0.024795924503821242,-1.0
0.6980556245895972,-0.38734418897837103,0.22845071094159275,0.5572190744346392,1.0
0.9186227862424042,0.320431199551912,-0.10457917558269914,0.2062018888963144,-1.0
0.4626545949895012,0.87781113636138,-0.10710876515090106,0.06265817618549481,-1.0
-0.08783480461304446,0.509173786363428,-0.6520545508202539,-0.5548440908340968,1.0
-0.5440471951800778,0.5772711869131156,0.04554094654105495,-0.6072039594442364,1.0
0.16707454576267775,-0.5467774650646485,0.8151606839577393,-0.09291694778253609,-1.0
-0.761418460089029,-0.10225926047485791,0.44565217447852434,0.45954228495901184,1.0
0.3614134516213435,-0.17428631594766988,0.9145267604531147,-0.05143346649475564,-1.0
0.22114777667426172,-0.5837329665458353,0.776581265040608,-0.08527029627929247,-1.0
-0.23945161358373787,-0.7086936836622526,0.6632455783575267,-0.02283616164247371,1.0
0.8642276473066188,0.10923758541926168,0.3736703423521399,0.31866628125528196,-1.0
-0.1311130174884405,0.8920001114045,0.23107371941439034,-0.36571862694622925,-1.0
0.3027874864946188,0.8439249673860071,-0.3265894276826457,-0.2990814824938514,-1.0
-0.5778405281133028,0.7809836739882315,-0.03784255149599069,-0.23395035013834922,1.0
-0.47891549616895335,0.6041642456692766,-0.11386485439358227,-0.6266261299355844,1.0
0.3797607141566629,0.15488324357493255,0.8720410317798396,0.26709065827033757,-1.0
0.2227517641276286,0.939589448707376,-0.002695505772646813,-0.25989623641836035,-1.0
0.15768419185890814,0.918491527661572,0.36206491166972726,-0.02044526813977442,-1.0
-0.39707371445697226,0.6818287642469164,-0.007984169358125634,-0.6143112033591173,1.0
0.22704801773990171,0.8931273623759154,-0.28844982125825597,-0.2599411718676011,-1.0
0.2863451125339538,0.9090340013501557,0.0354325358491276,-0.300679557536828,-1.0
-0.1410418615952237,-0.7007966605220204,0.6992146217159817,-0.009494559363888072,1.0
0.33705887600777545,0.8356075948792081,0.4090616915181765,0.144290658106643,-1.0
-0.18997333640715977,-0.6994754184475886,0.6856494694307445,-0.06729840645395446,1.0
0.665368225542181,-0.582826514087414,0.4663281036784464,0.01168240708188445,-1.0
-0.4421979173990312,0.6384135709290121,-0.015613267168023755,-0.6297978566095368,1.0
0.11221049514490682,-0.7048633470767554,0.6673230505297202,-0.21273554700330843,-1.0
0.11221049514490682,-0.7048633470767554,0.6673230505297202,-0.21273554700330843,-1.0
-0.16650935614992188,-0.6912061731533432,0.685133932241152,-0.1584302856180767,1.0
0.31953773360098336,0.8249815991839806,-0.32330571202501146,-0.3358190202847204,-1.0
0.5187728642280361,0.28517413571912964,-0.7592262196399937,0.27041814855636254,1.0
0.7401423554245322,0.46473035356777287,0.3905744833482291,0.28925173316103436,-1.0
-0.15279006134559878,0.9313365714622945,0.20280117961573088,-0.2610346133319003,-1.0
0.9750980978531368,-0.06896405714492057,0.08610730540695717,0.19238812421992033,-1.0
0.3082273609187877,0.8146666989279415,-0.3507609634055503,-0.3439197728972564,-1.0
0.3219074026080225,0.833548138074217,-0.33305615370319275,-0.301075944139677,-1.0
-0.1183345961129237,-0.7086911865701676,0.6954977036962563,0.0060555424029238285,1.0
-0.5875098008318638,0.5400036136101038,-0.09304660117917113,-0.5954583622920563,1.0
0.2955987823193409,0.8111805876769232,-0.323771800906988,-0.38701322329461807,-1.0
0.1667511914697446,0.5215786612374103,0.8300225196148351,0.10588841871258614,-1.0
-0.24570919235824165,0.44605991192883854,-0.8125104646878107,-0.28369753705926914,1.0
-0.0622241120712147,-0.1888734199347731,0.9784466142519487,-0.05565262058510865,-1.0
0.7896320188949827,0.5009566661602156,0.30467504799247236,0.1808225884569192,-1.0
0.727521307602462,0.24608567336769682,0.4585927808901149,0.4470427828105965,-1.0
0.5198974361235705,-0.668001990791245,0.5319241745956718,0.023166110847197392,-1.0
-0.5764927964269259,0.44971836901240336,-0.4653609878132781,-0.4988472664675399,1.0
0.48531026867181315,-0.5887528383807152,0.6278439220552815,0.15380522734479968,-1.0
-0.10163114977811172,-0.7973944416953684,0.5805711877837776,0.12950023036058375,1.0
0.06307552582342973,-0.08515821348511535,0.9931561013642864,0.04909699625244557,-1.0
-0.7804445279399251,0.5271474352294524,-0.1712867311506134,-0.2892797539949433,1.0
-0.19840060799718548,0.627883990686251,-0.7028365240473734,-0.26910911068052107,1.0
0.43219719041565335,0.8371453194075199,-0.32125664065485565,-0.09585130998611407,-1.0
0.2045249310411335,0.9026540489786231,-0.25932578702155945,-0.275926360884142,-1.0
0.0017883082160065364,0.9001600070494974,0.14485607199603612,-0.4107620747686583,-1.0
0.5978742149838366,-0.5310075586647028,0.5524978352153591,0.23520956141440158,-1.0
-0.18826738488817224,-0.677983044304735,0.7102686418364996,-0.020318460728773198,1.0
-0.7189375773895158,-0.5278342050661139,0.4247903188589112,0.1551547510818225,1.0
0.46172125121270613,-0.7111294425996048,0.5065096799293505,-0.15670464633958817,-1.0
0.18990348687186265,-0.4963280739810132,0.8356743109448658,-0.1387211399860525,-1.0
0.8152346576949101,0.26134170488145403,0.40981634337287043,0.31487065739317016,-1.0
0.5833812508932116,0.7293532059519535,0.3540119852547902,-0.048843949163034764,-1.0
-0.017114149433967732,0.7652979519194291,-0.30745710554408373,-0.565240018865909,-1.0
0.301268096200772,0.8299820131055695,-0.3496055625413807,-0.31327837903837724,-1.0
0.33438445520186566,0.7502872154748814,-0.39088181927686066,-0.41529210656249166,-1.0
-0.20644442136301394,-0.741761570014292,0.6350898028181602,0.0618984369302897,1.0
0.11913728626874762,0.5804637974757154,0.7965305787395689,0.12002967955217465,-1.0
0.454433127206029,0.8648444664471946,-0.2127622573295183,0.016334124080101743,-1.0
-0.167991508028956,-0.6938614709169407,0.6973135550500424,-0.0639446506801627,1.0
0.4933922946247585,-0.579597536743839,0.6103109117633165,0.21943411309096625,-1.0
-0.10519478721430947,0.8567732525701853,0.18294051955924015,-0.4705384327838022,-1.0
0.8405985801122863,0.47127410574613254,0.1945968070371503,0.18283004965633315,-1.0
-0.7392029161443997,0.1230914271403962,0.6595178260179257,0.0588539420323323,1.0
0.22538797904432673,0.6027158264793744,-0.6476295037580256,-0.4080562672913287,1.0
0.4225669271112389,0.8956935529072343,-0.13510151020899933,0.030295764248951865,-1.0
0.3263079304637876,0.4707121227057459,-0.8195692851085846,0.01610648816142693,1.0
0.9671255551761269,-0.10159334739911587,0.09673173348178361,0.21210828373055113,-1.0
0.28172943987261895,0.9112718581123137,0.05933210080063658,-0.29443475531291247,-1.0
0.4522782924081008,0.8685802195049779,0.017052155469732357,-0.20179685947737913,-1.0
0.4621488024666523,0.8366411550628502,-0.2457431284883297,-0.16143226701780328,-1.0
-0.15115993978068307,0.6294039414467127,-0.7273749229415016,-0.22787512495375162,1.0
-0.7842791337611791,-0.3471873427023614,-0.4514743923627906,0.2460448383013483,1.0
0.647792570194385,0.7430012764765569,0.0900882380451475,0.1421196626828274,-1.0
0.01666073439182774,0.7971673747553571,-0.32525148372495327,-0.5083877151248772,-1.0
-0.5662621731596423,-0.7828036722486202,-0.2395265291859199,-0.09587806724554279,1.0
0.20908275849905264,0.5123026233611246,-0.6623020498207389,-0.5051597935297145,1.0
-0.020454283403867422,-0.14045856380241267,-0.09162167951191147,0.985625934109089,1.0
0.751536201832262,-0.4313783107991269,0.4596980999451971,0.1943804188039657,-1.0
0.42797734046909225,0.04211922685270732,0.8655787698243641,0.2565828521231948,-1.0
-0.5634026405035583,0.736045255340415,0.020747675659503244,-0.37467903693589477,1.0
-0.45010999936094215,0.6655310009020029,-0.261697445144556,-0.5347746464806301,1.0
0.8573597648013815,0.5002200722579837,0.0973259282244606,0.07240011536720542,-1.0
0.18146766067975822,-0.5667533523465607,0.6246349342707649,0.5056592969776278,1.0
0.43501188637709326,0.8887916199322429,-0.08503845612428632,0.11654430929419216,-1.0
0.606230188230029,-0.6275599201229238,0.4737278160312764,-0.11931245472342918,-1.0
0.31478129449423553,0.8364490605674584,-0.32341820559055906,-0.31091215802044897,-1.0
-0.25692286886216376,-0.530480755639616,0.8020455066299831,-0.09645627323461661,1.0
-0.8860301397160977,0.07478887839030476,-0.21705534367970475,0.402795472869145,1.0
0.45608228201422346,0.8744419988751769,-0.15739955979753184,-0.050650974437088166,-1.0
0.17816090909020166,-0.46145089839512915,0.848827246015373,-0.18658527611909456,-1.0
-0.2753496222341151,0.6502985704810872,-0.5595391996916353,-0.43383203981982327,1.0
-0.017114149433967732,0.7652979519194291,-0.30745710554408373,-0.565240018865909,-1.0
-0.48147038148954546,0.6087330560762948,-0.01829010486336273,-0.6303140568418358,1.0
0.19283917699706132,0.9012492387044514,-0.3426111324082415,-0.18215508090548937,-1.0
0.23515892291971457,0.006121856933045381,0.9707878656488277,-0.04726228674032491,-1.0
-0.23223926730023992,-0.7540751389496845,0.6121906244844891,-0.05155818882731564,1.0
-0.06947501535174495,0.7934548759218378,0.600383040984348,-0.07171322204532884,-1.0
-0.11594600976604269,-0.7639266947856631,0.6336099119781954,0.03887167678617124,1.0
0.13354514964101313,0.9571698938791945,-0.2413670194581388,-0.08794003170653049,-1.0
-0.11703405050347894,-0.6832654179975142,0.7164469275425022,0.07845508018184646,1.0
-0.24038724167898232,-0.7073528220948654,0.6622656887860779,-0.05718493306021971,1.0
0.18511917275020356,-0.6336945678134992,0.7507800672308889,-0.022167030760223368,-1.0
0.32637376344451186,0.825365225236343,-0.32018415460305166,-0.3312620090604351,-1.0
0.1776644351367773,0.6172740931982587,-0.694723560691841,-0.3236776429929122,1.0
0.11390012326909477,0.6879111732899784,-0.662650877033284,-0.27331080247423395,1.0
-0.13611199296463708,0.8519983067716446,0.1627608754741148,-0.478624391401384,-1.0
0.25831755130956946,0.8718085806634494,-0.15533431495162378,-0.3861257463126745,-1.0
0.2230372018048839,0.8694902044537028,-0.31182287898121164,-0.3114605642998391,-1.0
0.11638370813881581,0.2749631665265506,-0.9307434587648095,0.21110827435245322,1.0
0.7978687777172747,0.04838826819040076,0.4203672075414622,0.4293662770517373,-1.0
0.17777151904063063,0.9170373706447552,-0.3346993694972727,-0.12416150738883976,-1.0
0.9193965073237987,0.19512373684679948,0.23537680187898885,0.2474561593029359,-1.0
-0.06539706594064361,0.5182179158305315,-0.6531645267248689,-0.548223965644419,1.0
0.1598500610427943,0.6584508109048749,-0.6864518920209984,-0.2639588747212702,1.0
0.2187561100267387,0.9114408156884526,-0.02795282076740083,-0.34733275635085586,-1.0
-0.1590231014882386,0.8408592735847981,0.04782444858640095,-0.5151506161666835,-1.0
-0.41392072506272104,0.6755964295225343,-0.2839299566814774,-0.5400211824352903,1.0
-0.2443478432202994,-0.7047759130727315,0.662944052425834,-0.06395488424896742,1.0
0.15189921389964053,0.5382398503346979,0.8211498914300895,0.1137424640699567,-1.0
0.19399701740337572,0.5981152540595162,-0.6805455319161322,-0.3761397068761863,1.0
-0.24001143127265792,-0.5492679776111237,0.7980585042962453,-0.061658943794684756,1.0
0.5817663263938032,0.7960488217218112,0.1391227628263022,-0.09219041041860833,-1.0
-0.5321540126062261,0.5920544668151289,0.06099209378824044,-0.6021325266805245,1.0
-0.5468570113547274,0.49244719346886223,-0.34011204321430083,-0.5854630379771297,1.0
0.048623448889616734,0.9904175710216614,0.10099596632463279,-0.08067595686315047,-1.0
-0.810001010995405,0.4506999126359004,-0.21191097373465545,-0.3096153906821232,1.0
0.17349241203842306,-0.6166714259257694,0.7668296038022393,-0.03986344370810384,-1.0
-0.08650443988546948,-0.8292549923714672,0.5520716563302903,0.008368141001981936,1.0
-0.0878876918162281,0.8569347775504187,0.011589053906468914,-0.5077442609044273,-1.0
0.4034379616263715,0.9051227689808176,-0.10485651597615692,-0.08364027288691765,-1.0
0.8841967537973814,0.10524961141569003,0.23358882650533871,0.39058274411816746,-1.0
-0.562447588760649,0.7428346437257103,0.013264247751540859,-0.3628683806972091,1.0
0.7635046350417782,0.14714113598744546,0.46756020332122744,0.42047308432319125,-1.0
-0.206230414381766,-0.7320107395415855,0.647470797785625,0.04910050299694243,1.0
0.011749758634104447,0.5506272334872362,-0.666499303439876,-0.5024442968413445,1.0
0.22083280486032955,0.3933063986122138,-0.8924893874050095,-0.0023753899976493623,1.0
-0.7192898200409156,-0.1601748229105384,0.6443861253278704,0.20428583498622396,1.0
0.48414559542844665,0.8105499188618165,-0.2948980374457559,-0.1471292593979164,-1.0
0.31723640627639704,0.09285404842037355,0.9138265080991236,0.23592435508049198,-1.0
-0.7740539288357138,0.6092692661503158,0.1368666429530334,-0.10439826926447703,1.0
-0.09454035904173619,0.8512785689270512,0.04706114898269154,-0.5139768154831501,-1.0
0.0960998239516176,0.9777400079251664,-0.06869100929318402,-0.17340947488890968,-1.0
-0.7793305747055117,0.08266668996615464,0.6148844605304745,-0.08790434515633415,1.0
0.04835728750122764,0.4804240283842895,-0.6541620038538164,-0.582173855828733,1.0
-0.1026482646092477,-0.7106158284067178,0.6955801504721157,-0.025626791834576786,1.0
0.5489488786772644,0.13141906414004026,0.8235324766562208,-0.05637746067358318,-1.0
-0.5711192713811202,-0.2601016163145935,0.7779963363486332,0.029860135226394184,1.0
0.4621261444368931,0.8558707844794933,-0.07557963482032731,-0.21957309876843858,-1.0
0.17864753493445748,0.10396580853471567,0.9738054853212577,-0.09475782646195847,-1.0
-0.8321196592148102,-0.08096352927534649,0.5280359365878055,0.14899607158360653,1.0
0.31741078766270553,0.5834323428150031,-0.6843871810652805,-0.3007844404656869,1.0
0.41286451235642824,-0.529492558331373,0.7407264225173062,0.02246980402895247,-1.0
-0.2129895893056493,-0.5949861188624838,0.7734196914280035,0.04948670649559461,1.0
-0.1773443112073673,0.9188008734682308,0.2003090289241274,-0.2902244702430754,-1.0
0.08326141647119858,0.5564032606201095,0.8156316661682853,0.13501086342241947,-1.0
0.8693790866838575,0.40374039287789354,-0.047619919855092264,0.2809021929934697,-1.0
0.7022502125143459,-0.030930598390648836,0.510999176755528,0.4947401120405793,-1.0
-0.12773225880472833,0.5754721319537973,-0.572261942883126,-0.5701162724680142,1.0
-0.0016294917680183983,0.9864582718344752,0.015577467724570094,-0.16326287142277116,-1.0
0.10933677195447666,0.2014966883446058,-0.42673440592854334,0.8748384431891095,1.0
0.7413808221269423,0.6539448874047453,0.13236727638609724,0.0720379411261907,-1.0
0.28097419791091854,0.8607763864921296,-0.4004795970070774,-0.14047635013381005,-1.0
-0.2013423407538229,-0.5311982644774274,0.8208967289218062,-0.058465597417791684,1.0
0.52540377425468,0.8069207422898209,-0.26972743298551605,-0.008769353250135866,-1.0
0.36906591139008277,0.7314313415825303,0.5708753196646199,-0.05385085884557043,-1.0
0.03200020309142499,0.9849259207189189,0.12736944133631412,-0.11257860858872128,-1.0
-0.23718358748082016,-0.7114457083066728,0.6586321291333715,-0.061584644473981105,1.0
-0.8165403034943591,0.5443025171940834,0.1802826328808207,-0.06704382765835873,1.0
0.6161725939691911,-0.6399846832458069,0.4578626159014507,-0.03335812662490412,-1.0
-0.16254512355183617,-0.7386155986616108,0.6448836710322513,-0.11023216889472788,1.0
-0.13283450092639099,0.6920636929263815,-0.3981557684835541,-0.5872604399412635,1.0
-0.15663872547631552,0.24926610277492509,0.9508057268312141,0.09643230534173979,-1.0
0.12462580918717177,0.9258862732179568,0.16478913770068856,-0.31630295105621303,-1.0
0.1719365095883867,0.9521069755308456,0.23066685565647377,0.10355165627658416,-1.0
0.0006956901406335913,-0.8932419705753759,0.40036576280301167,0.20451296778691153,1.0
-0.4081223683133202,0.6717855138265304,-0.028452542696364883,-0.617519885274363,1.0
-0.12813155141174518,-0.7526774575809264,0.6386303590933502,0.09596986415865559,1.0
0.35399837492069275,0.8642625549969851,-0.29903660786404856,-0.19573577532161832,-1.0
-0.1480313370143746,-0.7662061792699938,0.6204327310329754,-0.07796178790393785,1.0
-0.29481651949172105,-0.6476256027694581,0.6986352482946235,0.07465311991198686,1.0
-0.5147036242340541,0.5893053730642135,0.08362699536695488,-0.6170947108215019,1.0
-0.10606606870005823,0.837742446306506,-0.24093315451636302,-0.478423241264155,-1.0
-0.810970120381187,0.5172963427853927,0.14511064961173895,-0.23167834805833662,1.0
0.5564352797797005,-0.5662840803291507,0.5918060835360464,0.13952662567402885,-1.0
0.07879414293956102,0.8868263548360102,-0.20815228379677536,-0.4049729943550328,-1.0
-0.7743461475000092,-0.11685549445102206,0.6093306644563405,0.12429392029256976,1.0
0.01701599345925624,0.9146254753923432,0.12364594584274542,-0.38455477608083055,-1.0
-0.44185308995100786,0.6298834046724061,-0.09967784637547485,-0.630933491234212,1.0
0.1876859750693941,0.9458890211620969,0.03468741879220227,-0.26242087833248895,-1.0
-0.061677648379368684,0.7498117774705231,-0.2968035978118635,-0.5881205576944402,-1.0
-0.6456981394322426,0.512927625148782,-0.384563908399623,-0.41483703360401325,1.0
-0.6490614947882135,0.6742100615309771,-0.03920130107538853,-0.3501759941910393,1.0
0.9091930213617567,-0.06237969689092875,-0.2574756821136571,0.3212212577694434,1.0
0.22306470813151819,0.8855069156341493,-0.29599472355310796,-0.28019058153159887,-1.0
-0.22261609058750148,0.852278544024222,-0.1119007577974865,-0.45993649562938344,-1.0
0.1542081434004594,0.504513846001417,-0.6543383673247937,-0.5417812554422358,1.0
0.359424193615696,0.08756917436737073,-0.910619474220842,0.18416856928933642,1.0
-0.40220500273984444,-0.4245892933046726,0.7676794195983118,0.26196063923284296,1.0
-0.623767770956109,0.688324358202315,-0.013808373027628591,-0.37004415230638144,1.0
-0.6666760483610813,-0.24776692417748442,0.7016374069848994,-0.043122464502721315,1.0
0.27044997933298853,0.9550888642571764,0.07945698430833595,0.09137098935300952,-1.0
0.48448039252657815,0.818796605848347,-0.2730455262781364,-0.14246756854812595,-1.0
0.4802350409085425,-0.6635460060102611,0.572638261942716,-0.03415295522537591,-1.0
0.058898092391402736,0.9267496806074303,-0.1251600075977747,-0.34928643933712145,-1.0
-0.13075246036596028,-0.6728834833596424,0.7214742456986213,0.09801288039664661,1.0
-0.48027268388275857,-0.6533114383874861,0.5175710041060679,0.27320792319543463,1.0
0.30916740555290206,0.9126645086757721,0.26684599533229775,0.015881584379851144,-1.0
0.09069088506712703,0.9658928486491682,-0.0815174442538596,-0.22843177225695857,-1.0
0.12809414023517818,0.0012375917131797114,0.9885705014854556,-0.0794903968851392,-1.0
-0.24800231433522296,-0.6012687440278175,0.7561787010253678,0.07186460641492308,1.0
0.8662114005779844,0.0920148614112622,0.2835028879235044,0.40104511881735433,-1.0
0.9496676044646812,0.051432137305114825,0.21717147103027,0.2198243126978683,-1.0
-0.389304743486884,0.6355728777004162,-0.4674342732031178,-0.475388403376961,1.0
-0.21797744716489664,-0.5805607646913157,0.7633069634408596,0.18110082990202864,1.0
0.3710376153538711,0.8951919304294906,-0.16892473621740584,-0.18007478774196703,-1.0
0.3071396398810922,-0.580048410956812,0.7539665806872183,0.027266788718412656,-1.0
-0.17120584277262976,0.7300863080684143,-0.6099558660769461,-0.2561569511254154,1.0
-0.49874615576202563,0.6091781875802049,-0.16301945981134142,-0.5946249772856134,1.0
0.016956543314810193,0.9065590041577668,-0.2238194383363012,-0.35744664866538295,-1.0
-0.4641408308669321,0.6887893626003939,-0.15178234107008678,-0.5358214479003064,1.0
-0.15847445648041422,-0.7321497655876595,0.662326411221026,-0.012895440754352946,1.0
-0.17716192123130325,0.19920065567203604,0.9586404383215922,0.09970587976669204,-1.0
0.3188437820042888,0.5958802434614118,0.6356727533797986,-0.3730757680955923,-1.0
-0.4733617293834668,0.7260952419164329,-0.03409098088014993,-0.4975461564960978,1.0
-0.974966226067933,0.06231882748539862,0.19334899192831356,-0.09040679779752185,1.0
0.18159567229579757,0.4151878289168957,0.8790934056560571,0.147773010576177,-1.0
0.4978893425005593,0.8169268929246537,-0.25923137601995316,-0.13242261108901948,-1.0
-0.8049555985870258,0.5476788679041512,0.1621048895898502,-0.16067466111896136,1.0
0.821190467573724,0.3017230132867664,0.2978470791812321,0.38196407768586205,-1.0
-0.5100856373624824,0.5754488070329221,-0.07528482084228219,-0.6348255735173578,1.0
0.9373924908330508,0.053867120372575454,0.20705893493116573,0.27480947752533313,-1.0
-0.5926191090989573,0.5413844263165641,-0.059051315304099516,-0.5934799378525769,1.0
0.38601946546908067,-0.016777572281165793,0.840299295582098,-0.3802690878727134,-1.0
-0.211308743803959,-0.7355912264501852,0.625762256615864,-0.1505847288290771,1.0
0.1575513857162079,0.9546590927560366,-0.24244689699652755,-0.07087368774008417,-1.0
0.3267226688738867,-0.5603793428782563,0.7610052170641824,0.009917122584442722,-1.0
0.7065401308100987,0.6505496003316251,-0.2783881205176122,0.009290609123354386,-1.0
-0.592272915221863,0.5457905293022755,-0.0852735126435823,-0.5865610966131002,1.0
0.13700948975175947,-0.47979441421427493,0.8457055921896626,-0.1892294140610164,-1.0
-0.41161350667837443,-0.9065882366917962,-0.08818872794150547,0.029913850906404343,1.0
-0.13562830911705578,0.9326596624532191,0.2190111622741295,-0.2525569769339797,-1.0
0.026905541756518513,-0.05918783095277223,0.9910428063597825,0.11664925397284323,-1.0
0.37535322635127866,0.14429358242891469,-0.8163250176760576,0.41461160506394407,1.0
0.4712997705851771,0.8305917545129703,-0.25636536849578223,-0.14923358005973963,-1.0
-0.2567635884422419,0.5753902534405653,-0.7056768308812887,-0.32406592886819513,1.0
-0.1391007080953849,0.5764488860900098,-0.5853305006334423,-0.5529429263144193,1.0
-0.5714721570709573,-0.8163522792450936,-0.06619602189181852,-0.05105503451869952,1.0
-0.2635572981032282,0.7857955660376638,-0.3169613376813492,-0.46108392883218496,1.0
0.08272799405668405,0.9746422638839305,-0.13173363609384067,-0.16085641290312147,-1.0
0.5043485434475782,0.754505666897557,-0.33898080686701837,-0.2478825486345585,-1.0
-0.2111287929144218,-0.6205175852635663,0.7509226382363797,-0.0806086258739555,1.0
-0.6192472769506402,-0.2920913359528597,-0.5365319791727524,0.4933040611787624,1.0
-0.6569497081977599,-0.03450419337099154,-0.11044775297630646,-0.7450019029513819,1.0
-0.2399545241189535,-0.5159030042630075,0.8194261198327705,-0.06933073404385573,1.0
0.10527429529209278,0.6231553625540155,-0.6909430607459619,-0.3509877543133506,1.0
0.5445870238618012,0.7160235900025758,0.4329806687231763,0.05712208428620459,-1.0
-0.11822353235899306,-0.7185985779614401,0.6820162270971234,-0.06703093408690607,1.0
0.4500876108076299,-0.589501878884226,0.6555583357720461,0.14195754925058315,-1.0
0.06824791217313579,0.48418153364681393,-0.649283042174082,-0.5825306825435005,1.0
0.43627532050682144,0.7819416406091215,-0.33284290205925415,-0.2957139123324421,-1.0
-0.7146416190418864,-0.10591099988072669,-0.3700801900113073,0.5840469753355895,1.0
0.2193643747568702,0.9211874734807799,-0.11853475213206613,-0.2987347022470175,-1.0
-0.8293188204449006,0.08775384828762915,0.5289743619232546,-0.15721221515669886,1.0
-0.21528459508698758,-0.770537034859025,0.5987996479194765,-0.036935114463128915,1.0
0.9655996637091204,-0.09418416325145719,0.11872027941040592,0.21131050161828607,-1.0
0.5805970352481604,0.6913438575395388,0.42812648404621734,0.040724279755698596,-1.0
0.6916103919952359,-0.56207359569093,0.4437308908165229,0.0940810036428202,-1.0
0.39876278026428474,0.17993619826970197,0.8678920977183361,0.23531790485683485,-1.0
0.3064460916414887,0.8376730179869256,-0.3410145750083343,-0.29682278801705453,-1.0
0.04848007437319394,0.9182689151498556,-0.13660659545981862,-0.3684705143361599,-1.0
0.7944731152731677,0.3202311483562992,0.29594364665332296,0.42270774624566176,-1.0
-0.14251955921347606,-0.7325827035578145,0.6645106750416065,-0.037898818520746294,1.0
-0.34209803312106135,-0.44659726962281077,0.8230995333254413,-0.07763357997408295,1.0
-0.12801248092644507,0.5594050699615578,-0.5732179468470544,-0.5848931165955099,1.0
0.26665283513769367,-0.5834948108582027,0.5564660740818841,0.5279920260860718,1.0
0.12442031716141357,0.9591466475963267,-0.22340468926281776,-0.12102742622052585,-1.0
0.0007736800693160409,0.9084597437023578,0.05514217406551372,-0.414318278779401,-1.0
0.34082536006117065,0.927269576998593,0.08199515072834072,0.13147623651846865,-1.0
-0.9005081809559184,-0.041415987117860355,-0.3888261832796955,-0.19022074344997375,1.0
0.676989791701997,-0.4906782634393069,0.5051691600819606,0.2138312031055319,-1.0
0.23482462155164788,0.8872526836532921,-0.28878052870756743,-0.27248096943187494,-1.0
0.736474779633444,-0.4073942612129893,0.4978989758107915,0.20912059865340332,-1.0
-0.13766945130582545,0.9325366759258342,0.2093007465843892,-0.26003012846508006,-1.0
-0.2143796512369574,-0.764885016197903,0.607282912610936,-0.014132982071470226,1.0
-0.7942615017764184,0.5693966569519124,0.16947335226203744,-0.12733772701333354,1.0
-0.8909484978215736,-0.30486041635985983,0.09184405043333012,-0.32378321631359236,1.0
0.18199750582440105,-0.5904579619460025,0.7448641329552536,0.2518208221833309,1.0
0.12375518525623813,0.42275645187404975,0.8921707915317827,0.09996457001663438,-1.0
0.2027856134762255,0.8969522944294239,-0.2858137459938153,-0.2695646102251663,-1.0
-0.07615561719311059,0.6317564747324524,-0.752731118830156,-0.16876001110530384,1.0
0.8866611056187256,0.3229351621858812,0.19381211866614914,0.2682942926435377,-1.0
0.6364316030079993,0.7694420974434788,0.051950899514099376,-0.01465528621775545,-1.0
0.1494607367412657,0.9648878288110517,-0.20794537285741313,-0.05840965581343444,-1.0
-0.4759468320161245,0.6491954978945543,-0.20509328395266369,-0.5567374277743223,1.0
0.0013455558056933118,0.49597811218314536,-0.6137750029178708,-0.6142346029881294,1.0
0.31888773173297336,0.5958576442646321,0.6356598435102625,-0.3730962954387392,-1.0
0.23501900296902953,0.872817204525039,-0.2694623462015376,-0.33218404493307946,-1.0
0.3797028373993515,0.8625609028633779,-0.12777222317688317,-0.3090124643227729,-1.0
-0.2154590536053458,0.909170051382982,0.16742667938856992,-0.3145719646069428,-1.0
0.08591929897617057,0.9570759362776792,0.2669607027283601,-0.07318134639665631,-1.0
0.9308863259518197,0.2626819226348097,0.14609201695121674,0.2076197925534258,-1.0
-0.26134781682119923,-0.57885287136684,0.7558774681326085,0.15898404046505712,1.0
0.17239294597321275,0.9534480983231218,0.0467009099889908,-0.24297411588253534,-1.0
-0.34194662342023935,0.6758157675470873,-0.46658233445109415,-0.4567783710339244,1.0
-0.7468848008361523,0.12542233646243842,0.31254156812136213,0.573367334256569,1.0
-0.44448966665311934,-0.08146157564632134,-0.18252116568758348,0.8732004191523632,1.0
0.43020448089085606,0.7622921503504643,-0.35833152050253586,-0.32470494845295295,-1.0
0.7343098465288783,-0.533334843850482,0.41074167345192925,0.08737431725413171,-1.0
-0.08049922988430441,0.6103298441212273,-0.583337175804538,-0.5298444061112452,1.0
0.381381128123448,0.80957300873122,-0.31917965335797177,-0.3118722936194415,-1.0
0.24710730615540513,0.8677548339095523,-0.26119022888255605,-0.3431023051620348,-1.0
0.1533706609369912,0.9223949563891037,0.35291543075000786,-0.03340184920374769,-1.0
0.12248656336103586,0.9689972488132391,0.19959678928078164,-0.07875592229908703,-1.0
-0.2749153033994702,0.7826965488207498,-0.34551645832725975,-0.4386639550337498,1.0
-0.17053724108372642,0.8731191379897271,0.22509806210422087,-0.3973800230466439,-1.0
0.48865590586904795,0.8484483206972111,-0.19123956295833014,-0.06912512079475483,-1.0
-0.07614690155239569,0.5960045218293796,-0.7599919287288407,-0.24777515535242658,1.0
-0.21663989543133197,0.6080213907062562,-0.704152948343788,-0.2958813435988869,1.0
-0.6218378841460144,-0.6012693349957277,0.48524234728551313,0.12779944066954646,1.0
-0.5844541645181482,0.5725256098664763,-0.04696999683219376,-0.573080775303095,1.0
0.20801932598653425,0.8989439917296057,-0.2904524666971245,-0.2535054720097899,-1.0
0.3513963652916879,-0.5761091102247383,0.7352017228992034,0.06401026653509377,-1.0
0.9053853880097823,0.2964450938817315,-5.3897591592214035e-05,0.3039697395907645,-1.0
-0.019614528837864485,0.8939818180933826,0.14136291145114047,-0.4247685327834161,-1.0
0.5458893315695981,-0.5224344496465363,0.654841867140152,-0.015786467034067667,-1.0
-0.017214244653737876,0.9864324706090326,0.13201270731248885,-0.09605881436488943,-1.0
-0.25140739676770063,0.6402610139541746,-0.34583684479853943,-0.6381669308579466,1.0
0.07849425249925131,0.9239188564770813,-0.12417204530688651,-0.3532618039570238,-1.0
-0.7429918701753061,0.4590353604412543,-0.26210437095663136,-0.4105495310475915,1.0
-0.0163349060045349,0.689532251693075,-0.6370373701051629,-0.3441828493844496,1.0
-0.17811591554098297,0.8826554809546621,0.1397139340946416,-0.41191508735598636,-1.0
0.26966147762607273,0.9002030823890889,-0.3281908838372746,-0.09595749948709008,-1.0
0.48573274271274275,-0.6650446703509684,0.5668099373610351,-0.02248964213382584,-1.0
0.39533849105832886,0.2028560598901066,0.8796978690418168,0.16937696318233983,-1.0
0.350594639529628,0.7046632732854349,0.6165910863291574,0.018668215639863133,-1.0
-0.1699312280669191,-0.7007864424591882,0.6924911083172629,-0.02185874412203461,1.0
-0.370388559110112,-0.42575936298207157,0.8250587314289873,-0.028624636350982564,1.0
-0.5762284248621691,0.5863430572630179,-0.05216676236092451,-0.566957891280384,1.0
-0.0349887215306221,0.6218583700610566,-0.7579294192030108,-0.19393543373309935,1.0
-0.5237411777325721,-0.6552251056273648,0.4965916590017923,0.223096310845237,1.0
0.07250229691991679,0.5157892944857208,-0.554379912778824,-0.6491284410211912,1.0
-0.14550852435671718,-0.6996137650878522,0.6917456355671187,-0.10419128904555057,1.0
0.26751750244197453,0.821793785511866,-0.36635944893341366,-0.34477545469260273,-1.0
-0.21933119132855225,0.9307177006117967,-0.1964232144468949,-0.2169707609440435,-1.0
0.3672591228207191,0.9264754001655608,-0.05492804092925777,0.06121257969317946,-1.0
0.4285792482910525,0.8530221062978468,-0.26590076014273584,-0.1340518551045698,-1.0
0.5249707291091703,0.8087582364133536,-0.24917019594624917,-0.09071968950705087,-1.0
-0.1721018954651591,0.21748118024270902,0.9590137269726001,0.05809944316136553,-1.0
0.1755159110046489,0.61113448869182,-0.7087345913970583,-0.3056208119105122,1.0
0.36234597527775647,0.7990136943581516,-0.3311430885418578,-0.3473136411647387,-1.0
0.4816989278877058,0.4416868202469566,0.7499282420719878,0.10240374717160214,-1.0
0.1644462208990182,0.5200048952841404,-0.6449728009051833,-0.5353152673005734,1.0
-0.14688285514925123,0.5446609049128028,-0.6150303580252706,-0.5509152241770764,1.0
-0.8076176145541347,0.4531080353272758,-0.2044987970866835,-0.3172178099884126,1.0
-0.3490313907271612,0.6767903572656065,-0.4669501651963411,-0.4495435950188437,1.0
-0.20635010547623606,0.9218233862720709,0.16004062001689562,-0.2864407066679704,-1.0
-0.08680810213106249,-0.7556504537153401,0.648373830322629,0.0326821259554281,1.0
0.8122545867897185,-0.4760211052893007,0.30800013572557366,0.13704856785550246,-1.0
0.07913480093694927,0.5152733477549722,-0.6218097348489601,-0.584451635313923,1.0
-0.8148778631580383,0.5458023564356467,0.13426435061679226,-0.1415872169291275,1.0
-0.07789040945204459,0.6789815923842795,-0.7104121335275203,-0.16802286110996226,1.0
0.3060292394777048,0.7983111704260661,-0.34013958654914533,-0.39159984859527003,-1.0
0.31711266969860796,0.810232879916938,-0.3249717487084057,-0.37061516099523906,-1.0
-0.4889809530525225,0.7613132730081404,0.004189764403877181,-0.4257724436453344,1.0
-0.6766500598656233,-0.16694144473098937,0.4499523744392277,0.5584067614664774,1.0
-0.27182742769916773,-0.7112644773250552,0.645009135596548,-0.06462126463451398,1.0
0.10382999920026362,0.9196907485100115,-0.11456148190590189,-0.36092094042143275,-1.0
0.03943110528049135,-0.10987367989545044,0.9895457922438666,0.08468817777617661,-1.0
0.21189594860511118,0.9712863285038691,0.0738072209325931,0.07909152397331837,-1.0
0.15166809799896797,0.9183499323575797,0.3654056114107092,0.010436902690454794,-1.0
0.07271932595518134,0.9156307791169335,0.15230101277073602,-0.36487885314902707,-1.0
0.31350179236816683,0.8879678283182402,-0.08439309337976464,-0.325741566035914,-1.0
0.3188437820042888,0.5958802434614118,0.6356727533797986,-0.3730757680955923,-1.0
0.006503389164438359,0.8823284543091586,-0.25700016704193684,-0.39421455932804367,-1.0
0.30539432848262066,0.8115620866225106,-0.31518778283473897,-0.38569151564337956,-1.0
-0.45869172621579607,0.6327485159434508,-0.02301231139251756,-0.6234594208101336,1.0
0.8611843500732607,0.4207484724416541,-0.030707465151775262,0.28353005080742816,-1.0
0.7552650323903339,-0.4115598139948223,0.4629061921759779,0.2142687742021962,-1.0
-0.24034102504333224,0.11551399808898923,0.9637835953357359,0.003726833554071625,-1.0
0.7517004804746019,0.6306522548512832,0.1525672327378948,0.11809894411020694,-1.0
0.08990607846895578,0.9930709823016255,0.04884391198259001,-0.05780305724661677,-1.0
-0.5122383443313012,0.5754238586637741,-0.059785276908649126,-0.6347637215075989,1.0
-0.8011022525704142,0.5267033793658037,0.18144724653684954,-0.21885069754388756,1.0
-0.41526899474365814,-0.40366031914498385,0.8105051803798743,-0.0877004066680929,1.0
-0.8437135596901106,0.06928316700833466,-0.4105457423833304,-0.33882069797351144,1.0
-0.1817281166868614,-0.7450948104442822,0.6377403434007062,0.07138535881814347,1.0
-0.30902866930445266,-0.4376175144794698,0.8425734622844853,0.055336725803624295,1.0
-0.273181457708512,-0.6028561399770842,0.7491132448998858,0.02767150107504926,1.0
-0.7753092569908412,0.59080371152329,0.09694811837627716,-0.20111586913496973,1.0
0.1583118365616776,-0.4726346951940853,0.8412587507609157,-0.20937411867622568,-1.0
0.3172170690162963,0.8950711947388865,-0.2973218146877248,-0.09909907156079087,-1.0
0.23414544945539464,-0.604105969506843,0.7614747378515064,0.01970050048876926,-1.0
-0.12668545461029634,0.9022364635952973,0.231590864895593,-0.341007082985303,-1.0
0.3965825809239222,0.9123441056289793,-0.03605660128727204,0.0951336477561403,-1.0
0.49807514770911837,0.45417783040732995,-0.7386765890766299,0.0007364449377501144,1.0
-0.11047324042582961,-0.7467650238242856,0.6529849694136842,0.06122329672878582,1.0
-0.3748450472156352,0.584099064871275,-0.5398817614970727,-0.47628474319174674,1.0
0.13207402916611824,0.8905157550321269,-0.2588831629829667,-0.3500252116395659,-1.0
-0.19280427263615602,0.09651904523231104,0.9737796786749254,0.07255152486643424,-1.0
0.3694237396576353,0.18446225919391385,-0.5996717210253333,0.6854878573052624,1.0
0.04136402273139426,0.9847511809969258,-0.04345424436669785,-0.16329683951367824,-1.0
0.2575379578503468,0.9661236197461033,0.01608645196801988,-0.004536264767458875,-1.0
-0.7825986762416838,0.5901549772882174,0.11407953043515161,-0.1619946772656535,1.0
0.026898279044251027,0.9472473495242493,0.2930427770551439,-0.12698374785598204,-1.0
0.47134383575156,0.8355386434219164,-0.2618832817783226,-0.10548606814497201,-1.0
-0.2164173268621483,-0.7305778488489781,0.6266156752756522,-0.16362256233136085,1.0
-0.9081384668565649,-0.34419714156139636,0.13426593605975612,-0.1969403746578373,1.0
-0.1918574835762311,-0.590553970534811,0.7735599707735713,-0.12665577562100064,1.0
0.3711813117796818,0.9174643035107936,-0.14276513040660985,0.010089752670550923,-1.0
0.41812834347951655,0.7825827981886434,-0.3278542022857901,-0.324414047787479,-1.0
0.46663134573104453,-0.6584903025837566,0.5880982260987816,-0.052784325740254136,-1.0
-0.8538594706399811,-0.08489226609970302,0.4881531281456016,-0.15944852158779094,1.0
0.4932888859570949,0.7780683252935173,-0.35392643853407507,-0.16128184111280167,-1.0
-0.5490887866615262,0.768740241842176,0.0008089280539459454,-0.32793183829937766,1.0
0.4608844921618347,0.3612273409124604,-0.7990641990528866,0.13636971384442273,1.0
0.31413835978701343,0.8645104941468417,0.37580682303651536,0.11272944681630351,-1.0
-0.8269960529068571,0.10612245846802137,0.5418974918441294,-0.10565349316621656,1.0
-0.1377961401754821,-0.6688842880742611,0.7217984445682287,0.11230778396448465,1.0
-0.05308435233300766,-0.7598288299884736,0.6440127838994603,0.0713423775171488,1.0
0.1873152992151852,0.9474403770806221,-0.006793451309889335,-0.2592750654740144,-1.0
-0.4435937724723866,0.7512851135840517,-0.03453486693650723,-0.4874449569914461,1.0
-0.7178365050595261,0.477960891524016,-0.25986573715952044,-0.4344351928976656,1.0
0.09152154656110112,-0.6952418412433427,0.6412065084282882,0.31163568834270955,1.0
-0.19822388004540187,0.25277982553849454,0.939719257799316,0.11720652584893493,-1.0
-0.5605299687388708,0.7552737406816424,0.019973035623230214,-0.33907050687187856,1.0
0.0951260500315152,-0.6340608571379486,0.7581546187511762,-0.11882524191917442,-1.0
-0.7167820496820676,0.4845978820505004,-0.3245475398102787,-0.38217441092888277,1.0
0.5289317059712284,0.7640454546639724,-0.34830174046373236,-0.12309220615304771,-1.0
0.31660144596392314,0.8054766473467547,-0.3413729431387812,-0.366654344969961,-1.0
-0.7806690442167025,0.5637130642360548,0.13059342132663135,-0.23606944511643724,1.0
-0.12522495803139758,-0.6051849708321996,0.7385116766742404,0.2695744134384169,1.0
0.8276982535055719,0.4755729455315423,-0.17675213440033094,0.2398012877513505,-1.0
0.027144470194050193,0.5241708835953176,-0.5272784300038412,-0.6681957196671292,1.0
-0.4287797838052794,0.5896151150404862,-0.45714005150915143,-0.5094358511352557,1.0
-0.04714017537772845,-0.12858309273215446,0.9887058665110003,0.06086790332780729,-1.0
0.3682160029438442,0.882411738521925,-0.04311778153008117,-0.28966766442027503,-1.0
-0.453332509393133,-0.7207455975147631,0.48550779544149564,0.19823622311765046,1.0
-0.2703225508100431,0.8015576902183873,-0.31181192965272375,-0.4326711318097851,1.0
0.2714683948008434,0.9030087183766634,-0.3173166892130873,-0.10094693609433718,-1.0
0.7476053829884256,0.6187585418516383,0.22515208661811584,0.0867790072763688,-1.0
-0.373024142490915,-0.5098509299823275,0.7593781152818528,0.15572378221085686,1.0
-0.2432390259243603,-0.6522767473297554,0.71475216750873,0.06707577954712907,1.0
0.8703549592902423,0.38691821284352446,0.025102158549271624,0.3035562930413746,-1.0
0.8093476770060787,0.521922632922638,-0.20211413381152585,0.17805330629219454,-1.0
0.2888297764123832,0.7039109990313619,0.6419301937464148,0.094933092528018,-1.0
0.6690904815595362,-0.5602852350928659,0.4836294567493421,0.06708898111982559,-1.0
-0.3980758848480285,-0.4075101167862732,0.8190421542656198,-0.06812520939585855,1.0
0.7557848398563441,0.4120341765547287,0.4888184790084999,0.14168136000901344,-1.0
-0.18065665669712744,0.9248238250530223,0.2076986172947531,-0.2625363772492503,-1.0
-0.1686651593835298,-0.5923745818832648,0.7867154197385151,0.041512252340819934,1.0
-0.4521229782639951,0.630398210563329,0.0025329360015585887,-0.631012276330231,1.0
0.8633087852541473,0.42050857014800497,-0.18801224008875347,0.20620834442839014,-1.0
-0.15160903740979687,-0.6783936153828655,0.7151222306593282,0.07346426070046877,1.0
-0.1540551967524942,-0.6608106074047895,0.7291133072181817,0.08938748644093723,1.0
0.10115532955910589,0.5394755030043565,-0.5473069271021825,-0.6318139825185507,1.0
0.17605656114513724,-0.48602525978585825,0.830174399861301,-0.20879176215254824,-1.0
0.3304768302877627,0.8930391013193976,0.008648790150906496,-0.30527270855174954,-1.0
0.05089597026074511,-0.688796253662429,0.7068231981715507,-0.15287343679776663,-1.0
0.4810560460785069,0.8421439972962137,-0.22226242221598982,-0.09988985944503719,-1.0
0.3162863980275436,0.8108631746724339,-0.3279927347218036,-0.3672663779229143,-1.0
-0.28270109397721277,0.5961502276064575,-0.6520909888221293,-0.37344656898388223,1.0
-0.17388532961770695,-0.6986863957043422,0.69139281183424,-0.05980963421857747,1.0
-0.28480390577137493,-0.647613875436976,0.6975446946068825,0.11364155324819268,1.0
-0.212088264127148,-0.7806225376420993,0.5844674679054143,-0.06359874924065557,1.0
-0.7784127584301099,-0.16298305004171265,0.5832338197409034,0.1653735602288442,1.0
-0.2092283389192596,-0.6800818589945087,0.701314894830333,-0.043238704291173505,1.0
0.4808984990252321,0.8645723889193639,-0.1131159384648355,-0.09195652461224554,-1.0
0.34864322285466887,0.845991096190458,-0.3815076197711307,-0.13114459340950008,-1.0
-0.15346922809787136,-0.7733299825036648,0.614203303774084,0.03409157991242591,1.0
-0.0616332474440214,0.5640263564460187,-0.6015645194779894,-0.5623128497099711,1.0
0.2194042931867324,0.8985259204361982,-0.27842565289205357,-0.2588282871850506,-1.0
0.35507084304517944,0.8048853222834145,-0.35039403183771456,-0.32141614278753977,-1.0
-0.7449406822075249,-0.49539717520750803,0.4365631314684192,0.0951716923832757,1.0
0.10125861624257547,0.9614180144291806,-0.18211272973785989,-0.17960247168431678,-1.0
0.08966377917634366,0.6238492597827097,-0.6975675614463854,-0.34084014580170047,1.0
-0.1812473128069649,-0.6866503525080451,0.7023211236962069,-0.04904838642533578,1.0
0.7688438718800316,0.27975999184130595,0.42034871016704445,0.3923269166121237,-1.0
0.9677216590647412,-0.07465565554069124,0.06408713633319885,0.23202190118474703,-1.0
0.4991412636293755,0.7935590284478461,-0.3134189899153011,-0.15129641129865998,-1.0
0.9694048889118245,-0.04159161955493033,0.22742488928620513,0.08247556165197373,-1.0
-0.0396665856678618,0.9063539841057923,-0.21007031903763299,-0.3644440677750681,-1.0
0.3975951548262421,0.7993772783552979,-0.3123084227711033,-0.324619020967963,-1.0
0.6779746721875535,0.7128718884252261,0.12698115892774212,0.1266483313849771,-1.0
-0.2639144962455459,-0.607474498378596,0.7457890377634706,0.07157222675709832,1.0
-0.10606606870005823,0.837742446306506,-0.24093315451636302,-0.478423241264155,-1.0
0.28528308000421376,0.9068889466448783,0.06622158987076655,-0.30295330292248085,-1.0
-0.17939443115223114,-0.5967247472983038,0.7818679492177811,0.02048716718641,1.0
-0.22297278316502084,-0.5206965419971428,0.8234466324563865,-0.03307404747077779,1.0
-0.21494513734285664,-0.6874640050856348,0.6896463822185955,-0.07469737034917337,1.0
0.4444655365567965,0.880815519294522,-0.16101407006330506,0.026246466902225592,-1.0
-0.18632067314485884,0.6666649503492018,-0.3796683045360291,-0.6137543720947982,1.0
0.11221049514490682,-0.7048633470767554,0.6673230505297202,-0.21273554700330843,-1.0
0.7766154425180757,0.5902880852553611,0.1843263134088811,0.12021747390917827,-1.0
0.06734807352017738,0.9828254314949184,-0.029322779996948108,-0.16928846024817745,-1.0
-0.21002009906906735,0.24430093973238204,0.9398835360668168,0.11325876329640226,-1.0
0.245414994430134,0.6145674138750449,-0.663215067393251,-0.3496057046078658,1.0
0.33376021743022244,0.785979666415319,-0.3829806092092743,-0.35237186921246644,-1.0
-0.5613286140964805,-0.317317802856686,0.7587792373573035,0.09205252816842521,1.0
-0.7361754539341929,0.4528646053954823,-0.2277482952457299,-0.448430668239186,1.0
0.1382985169827502,0.9566967550135769,-0.16625986001307716,-0.19483967279611214,-1.0
-0.7424509748004594,-0.006017334497449135,0.6622869310496042,-0.10053040666529847,1.0
-0.21207861303108408,-0.66750651730831,0.71138419633381,0.05822573702617955,1.0
-0.2020899056151356,-0.5881166046090232,0.7710514111860653,-0.13696076350399305,1.0
0.6972474695130358,-0.48863614054611565,0.48377029203145155,0.20260057491939404,-1.0
0.10636025512344524,0.6224838694786393,-0.7075215807695205,-0.31719795256964484,1.0
0.743380792644202,0.260009168825128,0.4189094878126507,0.4519901218777759,-1.0
0.3690556234326036,0.8831104865886035,-0.28607517441527175,-0.04555008093608888,-1.0
-0.7375296511443777,0.40553105444429555,0.040613857475001576,-0.5384654976367107,1.0
0.7706743683347967,-0.47816562922596806,0.3852831093450342,0.1702221333203134,-1.0
0.3482759359901926,0.9026111215701018,-0.10106286395245913,-0.23191233938245873,-1.0
-0.7402650851905223,0.4898042242741241,-0.24267861262532756,-0.39141604017380077,1.0
0.9952311995179948,0.055979988373910494,0.041978429627090814,0.06796257686163576,-1.0
0.5060560694773464,0.8133919979970821,-0.2567177430210384,-0.12804964879935507,-1.0
0.381094972347431,0.7889472744602415,-0.3406832101664441,-0.34097473584409993,-1.0
0.49728507709660963,-0.6602787514778791,0.5609646996247776,-0.04536659805093669,-1.0
-0.20738645658332697,-0.6566905992779491,0.7202783744071506,0.08335093165149772,1.0
-0.21933119132855225,0.9307177006117967,-0.1964232144468949,-0.2169707609440435,-1.0
0.8722481489348874,0.23903460339020458,0.41402907721147275,0.10308030017984231,-1.0
0.19359524312265422,0.6431247895333754,-0.6912209140989828,-0.26669277238069095,1.0
-0.0007249076855868095,0.9774720487712794,-0.0433804432401178,-0.20655751141998238,-1.0
0.2172442613179281,0.8729559961514441,-0.2663395112193642,-0.346144513853821,-1.0
-0.13579666131965804,-0.8912804241103263,0.41136533517595797,0.1340038558688614,1.0
0.2017854895203874,0.1472186680366984,0.9630622943408724,-0.10059968796876427,-1.0
-0.4505262720361313,0.6685968124782455,0.01687194176467057,-0.5913710494522411,1.0
0.5513038670675215,-0.6778312316616846,0.48044175099868147,-0.0760565016137425,-1.0
-0.6136842873125388,0.5373758790414465,-0.11559107008246904,-0.5667957874290562,1.0
-0.46217632313843476,0.6751172298701437,0.06333368791281757,-0.5714880718248303,1.0
0.10207096934367911,0.969396302586264,-0.13584649527488682,-0.17719496457533093,-1.0
-0.35414124516846157,-0.42889219632975495,0.8306586802636277,-0.02533020530234122,1.0
-0.18755680889196888,-0.7346168300011129,0.6405748549973824,-0.12175554058218388,1.0
0.060716818742889686,0.9735233487240654,-0.09629556150119267,-0.19822442393911666,-1.0
-0.20294742672469188,-0.7666531476425815,0.6091096240591073,0.0063842833678425075,1.0
0.1751310013313171,0.5906901919075482,-0.6905931497034179,-0.3788077759756609,1.0
0.4160491046144434,-0.6434431239068631,0.6420338783848084,0.026011302402186454,-1.0
-0.45954091311351397,-0.6839771924045277,0.494999316903137,0.2756320476843094,1.0
0.44437149416490335,0.8805653941310353,-0.13545582365613945,-0.09375650201528797,-1.0
0.15125395757605786,0.940045954853969,0.3011755640267442,-0.052241006053119945,-1.0
-0.44242073578925584,0.6684524331406044,-0.17551339439400174,-0.5715157789251272,1.0
0.10895615747866702,0.9747413459764073,-0.0664138180883519,-0.1832950325527487,-1.0
-0.08978757953196186,-0.7273591133464576,0.6471718740823135,0.2098939641591266,1.0
0.13482276900854007,0.9571149532689068,-0.23477266024880566,-0.10312897355072857,-1.0
0.7024641281321692,0.5328587732085157,0.46188630577268086,0.09626378884031446,-1.0
-0.009848531929458797,0.5152976470146883,-0.6255277087344185,-0.5857357996617832,1.0
-0.4818263644387357,0.7091603672142373,-0.01875455667330172,-0.5143765106498418,1.0
0.4312853139828054,0.7508155459624533,-0.3919239860442864,-0.31090928427278297,-1.0
-0.19508419598440177,-0.6209764656880523,0.757744972610722,-0.046399806269756996,1.0
0.7042157879313633,0.6962787113502912,0.12531347709901167,0.059771335989272686,-1.0
-0.25706557159262117,0.5821885513308576,-0.6790237988104663,-0.3659241222576612,1.0
-0.6461035644070598,0.6699718936546597,-0.05007538985302579,-0.3621882122658732,1.0
-0.17567098820982718,-0.5882255406069116,0.7893375679744064,0.008753345836818286,1.0
-0.22261609058750148,0.852278544024222,-0.1119007577974865,-0.45993649562938344,-1.0
0.1448237010872141,-0.48805357212856726,0.8344741856691829,-0.21090907943400763,-1.0
-0.10360812723648345,0.8493140862625205,-0.00420488523135532,-0.517603378840208,-1.0
0.3591919946006985,0.7687557703505568,-0.38571756020584114,-0.3622397552952288,-1.0
-0.0616768675555931,0.7498118137186524,-0.2968036121602313,-0.5881205861259354,-1.0
-0.286563041464808,-0.5254112350946031,0.7910401471283657,-0.12680750346070196,1.0
-0.023744241870907987,0.8805462375920631,0.2066070221979012,-0.4258967865797461,-1.0
0.27441163161846666,0.8568132015402484,0.43168351985623593,0.06495177275002921,-1.0
0.127985784957243,0.5085392907274496,-0.6526338047918974,-0.5468789129945973,1.0
-0.32147280310981524,0.7637251312016232,-0.32046036281657697,-0.4590036129435684,1.0
-0.7378547128446522,-0.51130254786619,0.4202317704645339,0.13245899882877518,1.0
-0.36876823822669363,-0.928320344790574,-0.02169661866372111,0.04195927384561528,1.0
-0.7249631160704737,-0.03238080632700402,0.5932492620228821,0.3484756473963536,1.0
0.4248751962198549,0.7955001620816015,-0.32021670874767244,-0.2900376168776972,-1.0
-0.15308741402356033,-0.4886360774715744,0.06907466696514128,0.8561703789809755,1.0
-0.8365947087613981,0.4925138591141606,0.20433437153515485,-0.12564575783623474,1.0
0.41598496686345515,-0.16654960461311455,0.8936146890738518,-0.025894478528608076,-1.0
0.8720440264379392,0.1971703885050346,0.2549585138055414,0.36831944028078384,-1.0
-0.827476485026857,0.5083442922790108,0.197867699291304,-0.13310567535652074,1.0
0.47003610081921166,0.617755303098051,0.6233560311465379,0.09418974389042248,-1.0
-0.1404762979691398,-0.6941932134375146,0.70590275423392,-0.007968292862889817,1.0
-0.4856081566626703,-0.48368288261872705,0.7141753400901093,0.14208860211677368,1.0
0.8368837153116518,0.3721009160107706,0.3435817627594261,0.20764904923749838,-1.0
0.1360248917637634,0.9162538229647454,0.05059264277465079,-0.37338525040529147,-1.0
0.5758533175444419,0.7794593098841194,0.1689072238116619,0.17974006412669816,-1.0
-0.3987745215384262,-0.5460033856176723,0.7167398581477366,0.1707136772733847,1.0
0.6490816081632895,-0.6151497491895,0.4475223021632948,-0.0027642508420563797,-1.0
-0.42864801484449094,0.598091870333776,-0.4777449609378928,-0.4799028509073206,1.0
0.32178087821542545,0.9241074170517574,-0.034793509156119555,-0.2031550144235718,-1.0
0.751294010724487,0.504167219273989,0.39713355199269224,0.15381048839632347,-1.0
-0.013612026513445856,-0.098141330528151,0.9916913568562756,0.0820441631861797,-1.0
-0.16567159120347247,-0.5945411506735607,0.7771894084102423,-0.12267993918650864,1.0
-0.014396461751479074,-0.19290989951124765,0.9811048787607312,-0.00342482576046601,-1.0
0.38601946546908067,-0.016777572281165793,0.840299295582098,-0.3802690878727134,-1.0
0.08592046313386267,0.06570355587115194,-0.9371976601834737,0.3316040749257629,1.0
0.5644092012402542,0.38132643976847597,0.7124925748790016,0.16848362125479002,-1.0
0.7405735913399998,-0.48070498883859536,0.4277566612216476,0.19364325006560226,-1.0
-0.22363809046604316,-0.619343577515386,0.7493577109867868,0.06973204763799823,1.0
-0.049382812730687155,-0.7410157023376556,0.6370680369269124,0.20640102475987632,1.0
0.16675831614898107,-0.49688679606490493,0.8358075841871773,-0.16346515869354197,-1.0
0.16697726421016928,-0.8463056024345966,0.36189475049366376,0.3534368544589411,1.0
0.4842138364063666,0.8733033970752648,-0.02814105808084029,-0.04567513699510394,-1.0
-0.3425999646242542,-0.4420806629611818,0.827994280263479,-0.0401923316843523,1.0
-0.8271187899976052,0.49964364674748046,0.25582905359708374,-0.02796835414172382,1.0
-0.5466835963127561,0.7725524809263987,-0.01917809909767345,-0.3223847239743497,1.0
0.11356562143250087,0.9474185355440928,-0.1873524608141504,-0.23323812630661134,-1.0
0.031236784495928482,0.5169730160342418,-0.544844862362926,-0.65947497294707,1.0
0.35202134823541104,0.9306079480618519,-0.08510993228898982,0.05297279317155926,-1.0
-0.9557021825225819,-0.04257736564924635,0.2909209804306128,0.013619449373410792,1.0
0.7657820585604453,0.5352712482273355,-0.3529749172046275,0.04971154224587422,-1.0
-0.08022528452921666,-0.7523263312896222,0.6501912664126224,0.06942846715328181,1.0
0.4717410299218405,0.8488630542115702,-0.2385047788609925,-0.0027177828013315165,-1.0
-0.3768683884017615,0.731056953463529,-0.25861387290224286,-0.5066012370282819,1.0
0.2881597443457198,0.9503440654743793,0.08577548786896662,0.0803286041026406,-1.0
-0.4801175240866294,0.7122586476912656,0.001707131028722736,-0.512027213688477,1.0
-0.31525165422207707,-0.4878831616451596,0.8099136449844124,-0.08140210538696123,1.0
-0.18722879412175042,0.9166296651344681,0.21258457767350436,-0.28203409897132276,-1.0
-0.1017513120091926,-0.7235618298037477,0.6818437918799788,-0.03455419555122987,1.0
-0.1451976095781846,0.16359831560196603,0.9725726636179868,0.07909272588547418,-1.0
0.24730911038968573,0.895190403368375,-0.34687022384006183,-0.13097096414310247,-1.0
-0.300856480055578,0.6166217518727287,-0.31767477223981516,-0.6544812698682494,1.0
-0.2854375335248975,0.5812334741171677,-0.6833906213683483,-0.33715029533828617,1.0
-0.1357460225712401,0.894568547413733,0.15402618578826566,-0.39698370926990284,-1.0
0.16149265836018648,-0.37541715654014995,-0.2907472584047116,0.865128956630867,1.0
-0.4499100261512095,0.7461322755690301,-0.03176192199334908,-0.4897537912401365,1.0
-0.21858808557302775,-0.5995170013410712,0.7585841361702355,0.13171454854869433,1.0
0.15299425178471632,-0.6248622926231541,0.7640497059387539,-0.048661288859568275,-1.0
0.12652610927883015,0.9841689910583844,0.1216082251641946,-0.024778625512683467,-1.0
-0.0436075632891159,-0.08400619740501038,0.991109192143359,0.0935088684054848,-1.0
-0.15205580320289674,0.509716027997072,-0.6122873599257419,-0.5849553764094959,1.0
-0.2906730501751522,0.6467228683260688,-0.5567007339740423,-0.43283137857454185,1.0
-0.20343466886911785,-0.6816643617168608,0.6862876331264358,-0.151516725429807,1.0
0.5221645443341849,0.24137716370450513,0.8175537019535831,0.02621445983104243,-1.0
-0.27969089614947457,0.5811758881028042,-0.6790646234930011,-0.35054076342036067,1.0
0.5079270717980335,0.8338484903497858,-0.21220884801437445,-0.04091686327751294,-1.0
-0.13344566780714615,0.5521371659196311,-0.5990358391871451,-0.5643517228848471,1.0
0.029625935230735492,0.9192586918006849,-0.10941251261702399,-0.3769809857186796,-1.0
0.9906163148926244,-0.10577827877012566,0.055749361218294144,0.06619880008533623,-1.0
0.016938360736064594,0.638150160108747,-0.7530807119433761,-0.15920711789242706,1.0
0.9852289878834807,-0.0402528773307281,0.1103471055210168,0.12460763862550006,-1.0
-0.6650143963534464,-0.48209163447395037,-0.3409597104092477,0.457263583166797,1.0
0.05792642048334145,0.9934265193812618,-0.0502215652405081,-0.08500632202849312,-1.0
0.12287506742269638,0.22416940925869538,0.9355522350376636,-0.2437043480828921,-1.0
0.7089129017167933,-0.5524607091061726,0.4368927055944909,0.036802533495761014,-1.0
0.08659131139858409,0.513712350819591,-0.5584286759022964,-0.6455687254938013,1.0
0.13232957328457218,0.9592313260023371,-0.23627010316553368,-0.08087388701100785,-1.0
-0.16148423438830264,0.9313021035230834,0.15833886873750774,-0.28553114832611537,-1.0
-0.3199520230725777,-0.6563688609015641,0.6818553341284194,0.043404201307814735,1.0
-0.27441182333907627,-0.5754434256234562,0.7703113698534118,0.013542842870896977,1.0
-0.14561855148604505,-0.6928732850709088,0.7061398454812623,-0.009400368176418084,1.0
-0.19509628041485316,-0.7063176944464552,0.6802937023247941,0.01591334211777184,1.0
-0.29227620192440035,0.5532633897888839,-0.7350073848256847,-0.26122478358622186,1.0
-0.2367470754913269,-0.5202990052159365,0.8168565086712763,-0.07736414970116222,1.0
-0.5931222860797161,0.7460902551792178,0.039557630443011894,-0.2999841308401422,1.0
0.5879823282014623,-0.611913765101278,0.5289966140784144,-0.0009529406796064858,-1.0
0.28953056218101464,0.9531455189489874,0.013746778166696297,0.08658348203119724,-1.0
0.27641125991465176,0.9609947439819652,-0.0054754000694461815,0.007479132671077129,-1.0
0.9038823915559697,0.3219583588501431,-0.009750787365070146,0.28150374695080754,-1.0
-0.7421257887384003,0.14658905965677238,0.651525672966577,-0.057229876321717416,1.0
0.7318305162305812,-0.49644664659006266,0.4392193674442341,0.15827561361450934,-1.0
0.05089597026074511,-0.688796253662429,0.7068231981715507,-0.15287343679776663,-1.0
-0.2968769468314816,-0.5507713431588002,0.780043845398104,-0.006826803908674422,1.0
-0.20208728151810074,-0.7892899217332174,0.5794271815258275,0.021125610240451047,1.0
0.7048359253036427,0.25482055948295645,-0.5897510379076752,0.3007765186196733,1.0
0.07316408602552642,0.9340688051127071,0.3428038416452989,-0.0681763154225417,-1.0
0.8242485794404852,-0.43742208729896115,0.31723196257594294,0.16923379908746897,-1.0
-0.11788342480745642,0.5908701040219403,-0.753325900915284,-0.263583203825551,1.0
0.8751250243398397,0.1787686959312129,0.42024669972553425,0.15997079889481317,-1.0
-0.015413864365487688,-0.20844601270278731,0.9770401121994615,0.04129517801021633,-1.0
0.3790179009503944,0.9116051458029009,-0.15384784736974425,0.040648847025775425,-1.0
-0.5822259882297075,0.7580875766361304,0.055017376357249716,-0.2885987059545908,1.0
0.8732917318113624,0.38904283241210424,-0.05227561059304349,0.2885731904314801,-1.0
0.16341357664558304,0.5973010948584159,-0.7257914283540393,-0.2995900658844336,1.0
0.16613637240840576,0.5453857020449896,-0.6282712315973875,-0.5293660371755742,1.0
0.33055959816137953,0.8222510623568459,-0.31733301788242585,-0.3375400691444759,-1.0
-0.14030043853733667,-0.7421616626818794,0.6482433404037586,-0.09639722513473081,1.0
0.05145529863156063,0.9053772068261843,-0.1514887118132492,-0.3933136608300249,-1.0
0.911635248990314,0.15164707186508927,0.3092174590535674,0.22429645875396206,-1.0
0.631436855002526,0.7044448187507882,-0.31753849963122316,-0.06491761495649549,-1.0
-0.42831646456220135,0.6389026255746623,-0.01140678586762738,-0.6389196557118192,1.0
-0.15103462427980172,0.8835396638297687,0.2012228188753387,-0.39503870933378316,-1.0
0.45542359971678953,0.8838990574385027,-0.08729254630780077,-0.060760286696398484,-1.0
0.34817114085422074,0.9305044975755572,-0.10891212311528459,0.032808323737296384,-1.0
0.47100760597717445,0.824915251564087,-0.28079953708609845,-0.13717974639444017,-1.0
-0.17757550547706327,-0.738978950549885,0.6489441316867272,0.03533503145768634,1.0
-0.8268887118265904,-0.031354362672627686,-0.19091150531237916,0.528038596443969,1.0
0.12639422252266597,0.9659915311662964,0.19846231203452624,-0.10722673607732122,-1.0
0.22512132352907488,0.9105426548832284,-0.026226612670393782,-0.34575226408305243,-1.0
0.24917578120311235,0.8638119082702375,0.43578210629048203,0.04282958124217901,-1.0
0.007638423384792411,0.9543097457884927,0.2769248848074816,-0.11201415872852773,-1.0
0.13224891314629864,0.9854819851906245,0.0834921822096454,-0.06606464520634261,-1.0
0.6904292278132147,0.7219390897946572,0.04372943714395088,-0.014112701186648187,-1.0
-0.38742943631048987,0.6371448193268637,-0.49949939429850887,-0.44095948360421605,1.0
0.5790468043917874,-0.6390921313732253,0.4952399178491363,-0.10489742470274475,-1.0
0.2720647308362492,0.9022044044533645,0.14938383969080407,-0.2994870001505595,-1.0
-0.15846391990816414,-0.6015023540924236,0.7752644164977661,-0.10976879620816472,1.0
-0.07865291646097132,-0.5836552277382142,0.6986062180978232,0.4063368625919798,1.0
-0.1781095034291796,0.8050135116641982,0.04465177335774472,-0.5641245163634492,-1.0
0.650465452765277,-0.5614984948205533,0.5095512231480377,0.04440367171141249,-1.0
-0.8057840674240728,0.5290373044781094,0.12684747910369742,-0.2339685538722892,1.0
-0.16675196515342744,0.876485540893177,0.20486093905185285,-0.4024908376267193,-1.0
0.5189418577663581,0.24123325182591518,-0.7314921846815121,0.3707088483181433,1.0
-0.14984705294416995,-0.7003828226523333,0.6978183311265449,-0.007703194224547365,1.0
-0.5867376102265893,0.544082445152431,-0.08869200089293457,-0.5931669230496173,1.0
-0.18220724483442127,-0.6352544937183352,0.7498117479455039,-0.032165055315029625,1.0
0.5730131299277128,-0.6072531832677974,0.5499998479303368,-0.0199922889679775,-1.0
0.004264345990988803,0.8974943606991449,0.1522709945569882,-0.41388311403478173,-1.0
0.28955301230440017,0.9055256799580131,0.038993218918007284,-0.307671618581302,-1.0
-0.9764079790216796,0.08399389546622481,0.1813972118610089,-0.0816549787597813,1.0
0.0451305791125413,-0.8686001313254326,0.40773342893875225,0.2779397301866994,1.0
0.6824480188477273,-0.6040733375673689,0.4087960545436282,0.04739082401261382,-1.0
0.3032481540334013,0.9302947986189402,-0.02740664438383391,-0.20455077751379597,-1.0
0.27997478483504235,-0.6208798748171179,-0.7014731300641698,0.20989937756369859,1.0
0.7181567414863252,0.6578722655159455,0.1358460258248351,0.18166131726446086,-1.0
-0.11269925923864538,-0.7430450620935419,0.64876328775796,0.11953706171287298,1.0
0.31081371271115776,-0.5715951066029239,0.7565386360776465,-0.0657507583231727,-1.0
0.558936034932756,0.7834538707000891,-0.27161996189741305,0.003624587913828323,-1.0
0.7582464031444244,0.5805243865948477,-0.29065794541675083,0.059764433012721115,-1.0
0.37144003517040985,0.8223820465527812,-0.3367652695027757,-0.26890374306987025,-1.0
0.951495317681415,0.1331270408742423,0.1494293363332278,0.23367653896234877,-1.0
-0.4350364992887367,0.6323827297505806,-0.43284951860703647,-0.4727331399864642,1.0
0.05398053224171741,0.9613363929931326,0.25582575317713346,-0.08643856579795124,-1.0
-0.7635226315639575,0.39026904567401616,-0.007261501217008629,-0.514461401543806,1.0
0.847334360248111,0.3043106451830138,0.3897901943259749,0.1936055721784392,-1.0
0.3219037387171142,0.8310680792619933,-0.3126870954181409,-0.32852794552471704,-1.0
0.3341783464925153,0.8212206582208842,-0.3085289559589877,-0.3445741525153086,-1.0
0.35803189192797025,0.7983809182849569,-0.37787230778946657,-0.30267737392611554,-1.0
-0.3362946998848205,-0.4238313505710345,0.8404102350855668,-0.03136076953669699,1.0
0.11221049514490682,-0.7048633470767554,0.6673230505297202,-0.21273554700330843,-1.0
0.39998067983375574,0.08665487253620607,0.910272113327811,-0.0625385363050744,-1.0
0.5181407938672575,0.8163236956921941,-0.24405746385010038,-0.07471074836396184,-1.0
0.2688174798265572,0.8432180100731049,0.45428560681637586,-0.1017110488960211,-1.0
0.9265894934863208,0.09172440825858497,0.33275603653682406,0.14930493507811368,-1.0
-0.2570081511128001,-0.6478203464854859,0.7149406305315973,0.05599556907548277,1.0
0.1665837785300819,-0.6188023811742509,0.7660862625646211,-0.04944993522228372,-1.0
0.13215089200613114,0.9251379989031957,0.12765437469085403,-0.3322050351058236,-1.0
0.13317912793962314,0.4965546964935034,-0.6627063643987552,-0.5445337710894255,1.0
0.8886208645063208,0.3914616895790781,-0.05096263479849044,0.23348129391950895,-1.0
-0.6939755439621128,-0.1446456649477982,0.6234768210587522,0.32977602944539725,1.0
0.5649999422008637,0.7752463561794988,-0.2670149348390915,-0.09203899780150807,-1.0
0.3499650478811162,0.9242629859111092,-0.11585104284803809,-0.09920148188041693,-1.0
0.6074711123917996,0.7427903391926851,-0.2803418323040784,0.02549150195412974,-1.0
0.31355797480140024,0.8273787896197962,-0.3142098455423922,-0.34408997063261165,-1.0
-0.4954290682405972,0.7395911351331452,0.025145682784113506,-0.45488755293153504,1.0
-0.08955316059021254,0.8732618557786669,0.16057417745268704,-0.4512315328140259,-1.0
0.41854003709868143,0.7687288831306269,-0.3582336745033879,-0.32488271120201834,-1.0
0.18884046500029103,-0.6146656947958999,0.7639184397172656,-0.05435052786759165,-1.0
-0.14286181092182207,0.24040133426312443,0.9513891958843059,0.1290592864510759,-1.0
0.44022318019420503,0.8389428746093724,-0.2844317705211676,-0.14655023944046358,-1.0
0.3038370446802201,0.5226355854632216,-0.7959344913684008,0.0319903194362032,1.0
-0.20718422904539374,0.8616971848673771,0.19188286634737697,-0.42158465630145714,-1.0
0.23992020740144307,0.39931432354266816,-0.8840090772630024,0.038914218618972776,1.0
-0.5666623108671965,0.5710908132731985,0.09597450414287409,-0.5861211504391691,1.0
0.4798551736954585,0.8220979998802057,-0.2808756745502459,-0.1224856984166349,-1.0
-0.23090318898375534,-0.5431411629189118,0.802980952682796,-0.08308419879166862,1.0
-0.07822780484299545,-0.7863464334051982,0.59706669438827,0.1380255761539675,1.0
0.17982062191434475,0.5946151814922256,-0.6723432003166205,-0.4025567672531546,1.0
0.5017799426476781,0.8179451823453587,-0.2618190416168012,-0.10311817144116932,-1.0
0.22422302831153698,0.1745572218293826,0.9562273687779252,-0.06987867401473163,-1.0
-0.45327008644073896,0.6104366524259288,-0.07726861328921268,-0.6449363406673506,1.0
0.5174317981379293,0.8360004319872365,-0.1570398393703908,0.09330648875306036,-1.0
-0.5432760736096599,0.599227795547376,-0.05375474330896365,-0.5855660376580007,1.0
0.6412114702352656,0.7500779275497347,0.08152542417749245,0.13994484004101068,-1.0
0.06775721750580421,-0.527895646264223,0.8004511419900646,-0.2757047613262248,-1.0
0.7887899627211001,0.537715514795083,0.2733870744812514,0.1180335857528994,-1.0
-0.3316464102465271,-0.40470128933571664,0.8312053383062226,0.1879500214201605,1.0
-0.7630280222122668,0.10268742866041002,0.6379649901969233,-0.01562691898580361,1.0
0.021177116313516424,0.7889036235794562,-0.3119088515391616,-0.5290514821634741,-1.0
-0.5458885812504769,0.557576227314237,0.05630753304481689,-0.6228514022756719,1.0
0.31500487210870176,-0.5731819748999814,0.7564616490056263,0.0003574650005450748,-1.0
-0.350193614201308,0.7233582844527521,-0.22750544734695963,-0.5498713452378261,1.0
-0.1533727858571692,0.8282047356188266,0.005437454004265947,-0.5390029114493836,-1.0
0.5545925280984922,0.6553144894796086,0.512711029578317,-0.01083733381164509,-1.0
-0.5218450182839706,0.5859390573274995,-0.1326348139968901,-0.6056081275101698,1.0
-0.2175459842541553,-0.6101287977946391,0.7570081056258737,0.08576317888980853,1.0
0.2992457490134917,0.8267324145902334,-0.32244791162305286,-0.3507033513570816,-1.0
-0.18500196267705976,-0.6965978441121198,0.6869957729518118,0.09253391448720402,1.0
0.3627243232331679,0.39243540915622993,-0.8183891930903335,0.21134011358087113,1.0
-0.13697703830756194,-0.5835483843418844,0.773017284775824,0.20773264439244485,1.0
0.21773714550834203,0.8764455068362956,-0.2589059335246252,-0.34263906169333674,-1.0
0.3188437820042888,0.5958802434614118,0.6356727533797986,-0.3730757680955923,-1.0
0.2946473314205177,0.8786321307575451,-0.29212446316904217,-0.23632991115265659,-1.0
-0.5460612940050517,0.566254873547999,0.0549675393714584,-0.6149398759131784,1.0
-0.061677648379368684,0.7498117774705231,-0.2968035978118635,-0.5881205576944402,-1.0
-0.2222177380623448,-0.6142406537545484,0.7536446917127473,-0.07312574662072241,1.0
0.4769366174518461,0.875390361594771,0.06634314362691605,-0.04268213975734894,-1.0
0.21307545702621464,-0.6154333349954735,0.757768604181369,-0.04034107468125761,-1.0
-0.05159352401720509,0.565917329832124,-0.6235238060505132,-0.5369299277964,1.0
0.9711488169331617,0.04083189271329521,0.03884901799090697,0.23171854847619086,-1.0
0.0701315915564758,0.6364923944632299,-0.7515402593313031,-0.1585756294657456,1.0
